{
    "users": [
        {
            "username": "art_808",
            "uuid": "93f79eab-054c-4217-9a86-733afb356331",
            "order_id": "a0deec1c302a6719ef7788eb",
            "start": 1707683038154,
            "end": 1710275038154
        },
        {
            "uuid": "e49b54c8-19cd-46d4-b9e1-98d0da81147f",
            "order_id": "9a675753ce08cc3f63d6df4a",
            "start": 1707690777831,
            "end": 1710282777831
        },
        {
            "uuid": "a48ec7ec-d9f8-4502-9411-c312f197fb21",
            "order_id": "73fe22fd142f4abc015795ef",
            "start": 1731698716875,
            "end": 1734290716875
        },
        {
            "uuid": "1cc8fc48-ee89-4bfd-9250-cb596fa0f524",
            "order_id": "b54813f5354e339f6f268562",
            "start": 1731700732148,
            "end": 1734292732148
        }
    ],
    "orders": [
        {
            "uuid": "358a7280-d027-445a-ab6c-4ce9e865b729",
            "order_id": "b15ca8151e81ac00ca18c3ce"
        },
        {
            "uuid": "93f79eab-054c-4217-9a86-733afb356331",
            "order_id": "a0deec1c302a6719ef7788eb"
        },
        {
            "uuid": "93f79eab-054c-4217-9a86-733afb356331",
            "order_id": "a0deec1c302a6719ef7788eb"
        },
        {
            "uuid": "358a7280-d027-445a-ab6c-4ce9e865b729",
            "order_id": "b15ca8151e81ac00ca18c3ce"
        },
        {
            "uuid": "93f79eab-054c-4217-9a86-733afb356331",
            "order_id": "a0deec1c302a6719ef7788eb"
        }
    ]
}